Postcode,Month,Capacity (kW)
20XX,2007-01,3
20XX,2007-02,8
20XX,2007-03,7
20XX,2007-04,1
20XX,2007-05,7
20XX,2007-06,14
20XX,2007-07,15
20XX,2007-08,13
20XX,2007-09,27
20XX,2007-10,26
20XX,2007-11,29
20XX,2007-12,17
20XX,2008-01,14
20XX,2008-02,33
20XX,2008-03,39
20XX,2008-04,29
20XX,2008-05,41
20XX,2008-06,35
20XX,2008-07,22
20XX,2008-08,28
20XX,2008-09,31
20XX,2008-10,38
20XX,2008-11,34
20XX,2008-12,68
20XX,2009-01,46
20XX,2009-02,82
20XX,2009-03,59
20XX,2009-04,70
20XX,2009-05,49
20XX,2009-06,103
20XX,2009-07,95
20XX,2009-08,140
20XX,2009-09,97
20XX,2009-10,172
20XX,2009-11,260
20XX,2009-12,143
20XX,2010-01,211
20XX,2010-02,270
20XX,2010-03,396
20XX,2010-04,589
20XX,2010-05,782
20XX,2010-06,1151
20XX,2010-07,1161
20XX,2010-08,1159
20XX,2010-09,1291
20XX,2010-10,1393
20XX,2010-11,1538
20XX,2010-12,1119
20XX,2011-01,1426
20XX,2011-02,1499
20XX,2011-03,1362
20XX,2011-04,1218
20XX,2011-05,1469
20XX,2011-06,1603
20XX,2011-07,214
20XX,2011-08,186
20XX,2011-09,168
20XX,2011-10,247
20XX,2011-11,270
20XX,2011-12,219
20XX,2012-01,225
20XX,2012-02,238
20XX,2012-03,262
20XX,2012-04,294
20XX,2012-05,629
20XX,2012-06,1340
20XX,2012-07,295
20XX,2012-08,349
20XX,2012-09,322
20XX,2012-10,375
20XX,2012-11,455
20XX,2012-12,1077
20XX,2013-01,354
20XX,2013-02,391
20XX,2013-03,413
20XX,2013-04,290
20XX,2013-05,389
20XX,2013-06,528
20XX,2013-07,450
20XX,2013-08,365
20XX,2013-09,443
20XX,2013-10,592
20XX,2013-11,640
20XX,2013-12,640
20XX,2014-01,421
20XX,2014-02,487
20XX,2014-03,668
20XX,2014-04,461
20XX,2014-05,764
20XX,2014-06,913
20XX,2014-07,939
20XX,2014-08,616
20XX,2014-09,1220
20XX,2014-10,1078
20XX,2014-11,906
20XX,2014-12,911
20XX,2015-01,755
20XX,2015-02,1013
20XX,2015-03,1102
20XX,2015-04,478
20XX,2015-05,916
20XX,2015-06,883
20XX,2015-07,1153
20XX,2015-08,763
20XX,2015-09,680
20XX,2015-10,922
20XX,2015-11,786
20XX,2015-12,754
20XX,2016-01,628
20XX,2016-02,739
20XX,2016-03,596
20XX,2016-04,758
20XX,2016-05,1049
20XX,2016-06,728
20XX,2016-07,850
20XX,2016-08,1088
20XX,2016-09,1195
20XX,2016-10,1254
20XX,2016-11,1092
20XX,2016-12,1230
20XX,2017-01,660
20XX,2017-02,822
20XX,2017-03,851
20XX,2017-04,1088
20XX,2017-05,1223
20XX,2017-06,1120
20XX,2017-07,1096
20XX,2017-08,1353
20XX,2017-09,1352
20XX,2017-10,1521
20XX,2017-11,1903
20XX,2017-12,2310
20XX,2018-01,1242
20XX,2018-02,1955
20XX,2018-03,1820
20XX,2018-04,1863
20XX,2018-05,2528
20XX,2018-06,1368
20XX,2018-07,2116
20XX,2018-08,2461
20XX,2018-09,1981
20XX,2018-10,2056
20XX,2018-11,2563
20XX,2018-12,2989
20XX,2019-01,2035
20XX,2019-02,2370
20XX,2019-03,2416
20XX,2019-04,1895
20XX,2019-05,2324
20XX,2019-06,2555
20XX,2019-07,2813
20XX,2019-08,2187
20XX,2019-09,2528
20XX,2019-10,3252
20XX,2019-11,3865
20XX,2019-12,4546
20XX,2020-01,2472
20XX,2020-02,3361
20XX,2020-03,4008
20XX,2020-04,4200
20XX,2020-05,3948
20XX,2020-06,3683
20XX,2020-07,4482
20XX,2020-08,4400
20XX,2020-09,4936
20XX,2020-10,4742
20XX,2020-11,6009
20XX,2020-12,7083
20XX,2021-01,3998
20XX,2021-02,5711
20XX,2021-03,5923
20XX,2021-04,5568
20XX,2021-05,5054
20XX,2021-06,5387
20XX,2021-07,2814
20XX,2021-08,3732
20XX,2021-09,4953
20XX,2021-10,5521
20XX,2021-11,5817
20XX,2021-12,8294
20XX,2022-01,2964
20XX,2022-02,3621
20XX,2022-03,4086
20XX,2022-04,3430
20XX,2022-05,4487
20XX,2022-06,5971
20XX,2022-07,4440
20XX,2022-08,6627
20XX,2022-09,5177
20XX,2022-10,4956
20XX,2022-11,7488
20XX,2022-12,4426
21XX,2007-01,7
21XX,2007-02,4
21XX,2007-03,6
21XX,2007-04,1
21XX,2007-05,3
21XX,2007-06,5
21XX,2007-07,7
21XX,2007-08,15
21XX,2007-09,21
21XX,2007-10,24
21XX,2007-11,24
21XX,2007-12,78
21XX,2008-01,117
21XX,2008-02,23
21XX,2008-03,28
21XX,2008-04,38
21XX,2008-05,56
21XX,2008-06,46
21XX,2008-07,49
21XX,2008-08,39
21XX,2008-09,44
21XX,2008-10,81
21XX,2008-11,68
21XX,2008-12,81
21XX,2009-01,77
21XX,2009-02,76
21XX,2009-03,93
21XX,2009-04,144
21XX,2009-05,137
21XX,2009-06,149
21XX,2009-07,160
21XX,2009-08,277
21XX,2009-09,435
21XX,2009-10,418
21XX,2009-11,465
21XX,2009-12,329
21XX,2010-01,396
21XX,2010-02,471
21XX,2010-03,955
21XX,2010-04,1146
21XX,2010-05,1621
21XX,2010-06,2361
21XX,2010-07,2291
21XX,2010-08,2903
21XX,2010-09,3257
21XX,2010-10,3609
21XX,2010-11,4347
21XX,2010-12,2691
21XX,2011-01,5020
21XX,2011-02,3982
21XX,2011-03,4011
21XX,2011-04,3741
21XX,2011-05,4384
21XX,2011-06,6148
21XX,2011-07,492
21XX,2011-08,578
21XX,2011-09,611
21XX,2011-10,843
21XX,2011-11,960
21XX,2011-12,956
21XX,2012-01,809
21XX,2012-02,1050
21XX,2012-03,1559
21XX,2012-04,1741
21XX,2012-05,3733
21XX,2012-06,5950
21XX,2012-07,1168
21XX,2012-08,1335
21XX,2012-09,1355
21XX,2012-10,1444
21XX,2012-11,2011
21XX,2012-12,3574
21XX,2013-01,1506
21XX,2013-02,1496
21XX,2013-03,1275
21XX,2013-04,1145
21XX,2013-05,1474
21XX,2013-06,1149
21XX,2013-07,1192
21XX,2013-08,1087
21XX,2013-09,1404
21XX,2013-10,1455
21XX,2013-11,1429
21XX,2013-12,1425
21XX,2014-01,1141
21XX,2014-02,1374
21XX,2014-03,1373
21XX,2014-04,1441
21XX,2014-05,2230
21XX,2014-06,1882
21XX,2014-07,1891
21XX,2014-08,2016
21XX,2014-09,2879
21XX,2014-10,2591
21XX,2014-11,2545
21XX,2014-12,2199
21XX,2015-01,2215
21XX,2015-02,2423
21XX,2015-03,2102
21XX,2015-04,1724
21XX,2015-05,2135
21XX,2015-06,2166
21XX,2015-07,1983
21XX,2015-08,1962
21XX,2015-09,1558
21XX,2015-10,1997
21XX,2015-11,2098
21XX,2015-12,1843
21XX,2016-01,1052
21XX,2016-02,1872
21XX,2016-03,1992
21XX,2016-04,1842
21XX,2016-05,2602
21XX,2016-06,1640
21XX,2016-07,1866
21XX,2016-08,1737
21XX,2016-09,1772
21XX,2016-10,1844
21XX,2016-11,2257
21XX,2016-12,3104
21XX,2017-01,1819
21XX,2017-02,2194
21XX,2017-03,2409
21XX,2017-04,2532
21XX,2017-05,3206
21XX,2017-06,3213
21XX,2017-07,2952
21XX,2017-08,3492
21XX,2017-09,2531
21XX,2017-10,3088
21XX,2017-11,3531
21XX,2017-12,4541
21XX,2018-01,2916
21XX,2018-02,3552
21XX,2018-03,3982
21XX,2018-04,4887
21XX,2018-05,5161
21XX,2018-06,4138
21XX,2018-07,5829
21XX,2018-08,5644
21XX,2018-09,4663
21XX,2018-10,5399
21XX,2018-11,7429
21XX,2018-12,8097
21XX,2019-01,4358
21XX,2019-02,6280
21XX,2019-03,5707
21XX,2019-04,5405
21XX,2019-05,6663
21XX,2019-06,5875
21XX,2019-07,6904
21XX,2019-08,6975
21XX,2019-09,7232
21XX,2019-10,9439
21XX,2019-11,10755
21XX,2019-12,12911
21XX,2020-01,7679
21XX,2020-02,9367
21XX,2020-03,11150
21XX,2020-04,9822
21XX,2020-05,9757
21XX,2020-06,12483
21XX,2020-07,13685
21XX,2020-08,14905
21XX,2020-09,15961
21XX,2020-10,16616
21XX,2020-11,19167
21XX,2020-12,22830
21XX,2021-01,14067
21XX,2021-02,17628
21XX,2021-03,18028
21XX,2021-04,17451
21XX,2021-05,14474
21XX,2021-06,15809
21XX,2021-07,10098
21XX,2021-08,5994
21XX,2021-09,15410
21XX,2021-10,16223
21XX,2021-11,16413
21XX,2021-12,17963
21XX,2022-01,7633
21XX,2022-02,9567
21XX,2022-03,9088
21XX,2022-04,7977
21XX,2022-05,10143
21XX,2022-06,13737
21XX,2022-07,12206
21XX,2022-08,15527
21XX,2022-09,12602
21XX,2022-10,12178
21XX,2022-11,17110
21XX,2022-12,11882
23XX,2007-01,2
23XX,2007-02,4
23XX,2007-03,4
23XX,2007-04,2
23XX,2007-05,8
23XX,2007-06,5
23XX,2007-07,15
23XX,2007-08,13
23XX,2007-09,12
23XX,2007-10,10
23XX,2007-11,19
23XX,2007-12,16
23XX,2008-01,11
23XX,2008-02,13
23XX,2008-03,16
23XX,2008-04,49
23XX,2008-05,18
23XX,2008-06,21
23XX,2008-07,18
23XX,2008-08,11
23XX,2008-09,18
23XX,2008-10,30
23XX,2008-11,35
23XX,2008-12,34
23XX,2009-01,39
23XX,2009-02,69
23XX,2009-03,139
23XX,2009-04,147
23XX,2009-05,126
23XX,2009-06,123
23XX,2009-07,175
23XX,2009-08,127
23XX,2009-09,159
23XX,2009-10,134
23XX,2009-11,353
23XX,2009-12,257
23XX,2010-01,199
23XX,2010-02,346
23XX,2010-03,521
23XX,2010-04,493
23XX,2010-05,766
23XX,2010-06,981
23XX,2010-07,1091
23XX,2010-08,1534
23XX,2010-09,1716
23XX,2010-10,1834
23XX,2010-11,2132
23XX,2010-12,1381
23XX,2011-01,2328
23XX,2011-02,1986
23XX,2011-03,2653
23XX,2011-04,2333
23XX,2011-05,3043
23XX,2011-06,2897
23XX,2011-07,494
23XX,2011-08,361
23XX,2011-09,511
23XX,2011-10,390
23XX,2011-11,391
23XX,2011-12,532
23XX,2012-01,389
23XX,2012-02,480
23XX,2012-03,690
23XX,2012-04,488
23XX,2012-05,1153
23XX,2012-06,2465
23XX,2012-07,859
23XX,2012-08,1073
23XX,2012-09,1031
23XX,2012-10,1153
23XX,2012-11,1437
23XX,2012-12,2095
23XX,2013-01,1012
23XX,2013-02,1755
23XX,2013-03,1493
23XX,2013-04,1137
23XX,2013-05,1447
23XX,2013-06,1063
23XX,2013-07,1372
23XX,2013-08,1078
23XX,2013-09,1191
23XX,2013-10,1364
23XX,2013-11,1234
23XX,2013-12,1190
23XX,2014-01,817
23XX,2014-02,1130
23XX,2014-03,1150
23XX,2014-04,1226
23XX,2014-05,1957
23XX,2014-06,1475
23XX,2014-07,1792
23XX,2014-08,1517
23XX,2014-09,1851
23XX,2014-10,2002
23XX,2014-11,1807
23XX,2014-12,1623
23XX,2015-01,1340
23XX,2015-02,1895
23XX,2015-03,1906
23XX,2015-04,1305
23XX,2015-05,1427
23XX,2015-06,1566
23XX,2015-07,1412
23XX,2015-08,1638
23XX,2015-09,1592
23XX,2015-10,1559
23XX,2015-11,1510
23XX,2015-12,1619
23XX,2016-01,1106
23XX,2016-02,1205
23XX,2016-03,1223
23XX,2016-04,1294
23XX,2016-05,1438
23XX,2016-06,1479
23XX,2016-07,1333
23XX,2016-08,1434
23XX,2016-09,1308
23XX,2016-10,1511
23XX,2016-11,1935
23XX,2016-12,2408
23XX,2017-01,1374
23XX,2017-02,2210
23XX,2017-03,2324
23XX,2017-04,1959
23XX,2017-05,2179
23XX,2017-06,2574
23XX,2017-07,2984
23XX,2017-08,2964
23XX,2017-09,2855
23XX,2017-10,3427
23XX,2017-11,3845
23XX,2017-12,3518
23XX,2018-01,2352
23XX,2018-02,2990
23XX,2018-03,3365
23XX,2018-04,3202
23XX,2018-05,4164
23XX,2018-06,4249
23XX,2018-07,4314
23XX,2018-08,4171
23XX,2018-09,3565
23XX,2018-10,4571
23XX,2018-11,4353
23XX,2018-12,4931
23XX,2019-01,2945
23XX,2019-02,4650
23XX,2019-03,4111
23XX,2019-04,3484
23XX,2019-05,4981
23XX,2019-06,4058
23XX,2019-07,5209
23XX,2019-08,4601
23XX,2019-09,5362
23XX,2019-10,5166
23XX,2019-11,5872
23XX,2019-12,6202
23XX,2020-01,4121
23XX,2020-02,5611
23XX,2020-03,6587
23XX,2020-04,5763
23XX,2020-05,7150
23XX,2020-06,7420
23XX,2020-07,6824
23XX,2020-08,7072
23XX,2020-09,6868
23XX,2020-10,6705
23XX,2020-11,8394
23XX,2020-12,8907
23XX,2021-01,5277
23XX,2021-02,7788
23XX,2021-03,7686
23XX,2021-04,7356
23XX,2021-05,6151
23XX,2021-06,6524
23XX,2021-07,5672
23XX,2021-08,5220
23XX,2021-09,5974
23XX,2021-10,5384
23XX,2021-11,6152
23XX,2021-12,7734
23XX,2022-01,3455
23XX,2022-02,5195
23XX,2022-03,6042
23XX,2022-04,4815
23XX,2022-05,6048
23XX,2022-06,5657
23XX,2022-07,5647
23XX,2022-08,7878
23XX,2022-09,6080
23XX,2022-10,6252
23XX,2022-11,6726
23XX,2022-12,4613
22XX,2007-01,1
22XX,2007-02,0
22XX,2007-03,0
22XX,2007-04,2
22XX,2007-05,1
22XX,2007-06,7
22XX,2007-07,8
22XX,2007-08,15
22XX,2007-09,17
22XX,2007-10,1
22XX,2007-11,10
22XX,2007-12,19
22XX,2008-01,10
22XX,2008-02,22
22XX,2008-03,17
22XX,2008-04,21
22XX,2008-05,21
22XX,2008-06,28
22XX,2008-07,43
22XX,2008-08,24
22XX,2008-09,71
22XX,2008-10,56
22XX,2008-11,54
22XX,2008-12,63
22XX,2009-01,61
22XX,2009-02,121
22XX,2009-03,135
22XX,2009-04,178
22XX,2009-05,165
22XX,2009-06,181
22XX,2009-07,232
22XX,2009-08,345
22XX,2009-09,423
22XX,2009-10,364
22XX,2009-11,451
22XX,2009-12,427
22XX,2010-01,541
22XX,2010-02,854
22XX,2010-03,1001
22XX,2010-04,1014
22XX,2010-05,1417
22XX,2010-06,1886
22XX,2010-07,2474
22XX,2010-08,2495
22XX,2010-09,2787
22XX,2010-10,3413
22XX,2010-11,3862
22XX,2010-12,2527
22XX,2011-01,4116
22XX,2011-02,3451
22XX,2011-03,3986
22XX,2011-04,2993
22XX,2011-05,3638
22XX,2011-06,3785
22XX,2011-07,608
22XX,2011-08,516
22XX,2011-09,430
22XX,2011-10,516
22XX,2011-11,543
22XX,2011-12,557
22XX,2012-01,477
22XX,2012-02,631
22XX,2012-03,921
22XX,2012-04,1060
22XX,2012-05,2387
22XX,2012-06,3764
22XX,2012-07,1218
22XX,2012-08,1026
22XX,2012-09,961
22XX,2012-10,1237
22XX,2012-11,1454
22XX,2012-12,2613
22XX,2013-01,1056
22XX,2013-02,1056
22XX,2013-03,882
22XX,2013-04,920
22XX,2013-05,940
22XX,2013-06,747
22XX,2013-07,934
22XX,2013-08,942
22XX,2013-09,916
22XX,2013-10,1219
22XX,2013-11,1082
22XX,2013-12,1047
22XX,2014-01,949
22XX,2014-02,1092
22XX,2014-03,1114
22XX,2014-04,1218
22XX,2014-05,1620
22XX,2014-06,1235
22XX,2014-07,1761
22XX,2014-08,1462
22XX,2014-09,2234
22XX,2014-10,2633
22XX,2014-11,2219
22XX,2014-12,2435
22XX,2015-01,1681
22XX,2015-02,2475
22XX,2015-03,2275
22XX,2015-04,1841
22XX,2015-05,1702
22XX,2015-06,1805
22XX,2015-07,1592
22XX,2015-08,1773
22XX,2015-09,1761
22XX,2015-10,1654
22XX,2015-11,1421
22XX,2015-12,1684
22XX,2016-01,1148
22XX,2016-02,1693
22XX,2016-03,1746
22XX,2016-04,1759
22XX,2016-05,1669
22XX,2016-06,1415
22XX,2016-07,1623
22XX,2016-08,1791
22XX,2016-09,1570
22XX,2016-10,1895
22XX,2016-11,2390
22XX,2016-12,2504
22XX,2017-01,1985
22XX,2017-02,2320
22XX,2017-03,2440
22XX,2017-04,1817
22XX,2017-05,2684
22XX,2017-06,2916
22XX,2017-07,3996
22XX,2017-08,3168
22XX,2017-09,3053
22XX,2017-10,3216
22XX,2017-11,3492
22XX,2017-12,4100
22XX,2018-01,2610
22XX,2018-02,4326
22XX,2018-03,4805
22XX,2018-04,4395
22XX,2018-05,4956
22XX,2018-06,3688
22XX,2018-07,4436
22XX,2018-08,5123
22XX,2018-09,4592
22XX,2018-10,5127
22XX,2018-11,5534
22XX,2018-12,6663
22XX,2019-01,4559
22XX,2019-02,5418
22XX,2019-03,5499
22XX,2019-04,5703
22XX,2019-05,6522
22XX,2019-06,5416
22XX,2019-07,6437
22XX,2019-08,6349
22XX,2019-09,6477
22XX,2019-10,7817
22XX,2019-11,7930
22XX,2019-12,9251
22XX,2020-01,6558
22XX,2020-02,8587
22XX,2020-03,9047
22XX,2020-04,8148
22XX,2020-05,8855
22XX,2020-06,10786
22XX,2020-07,10966
22XX,2020-08,10109
22XX,2020-09,11776
22XX,2020-10,11176
22XX,2020-11,14042
22XX,2020-12,13306
22XX,2021-01,9092
22XX,2021-02,12840
22XX,2021-03,13532
22XX,2021-04,13048
22XX,2021-05,11300
22XX,2021-06,10403
22XX,2021-07,8110
22XX,2021-08,9103
22XX,2021-09,10604
22XX,2021-10,10801
22XX,2021-11,11004
22XX,2021-12,13392
22XX,2022-01,6139
22XX,2022-02,7758
22XX,2022-03,7451
22XX,2022-04,7582
22XX,2022-05,9010
22XX,2022-06,10336
22XX,2022-07,8392
22XX,2022-08,12568
22XX,2022-09,10796
22XX,2022-10,9552
22XX,2022-11,13738
22XX,2022-12,9494
24XX,2007-01,4
24XX,2007-02,9
24XX,2007-03,6
24XX,2007-04,10
24XX,2007-05,14
24XX,2007-06,8
24XX,2007-07,37
24XX,2007-08,33
24XX,2007-09,31
24XX,2007-10,33
24XX,2007-11,28
24XX,2007-12,27
24XX,2008-01,30
24XX,2008-02,49
24XX,2008-03,67
24XX,2008-04,55
24XX,2008-05,65
24XX,2008-06,63
24XX,2008-07,82
24XX,2008-08,81
24XX,2008-09,77
24XX,2008-10,97
24XX,2008-11,108
24XX,2008-12,228
24XX,2009-01,169
24XX,2009-02,243
24XX,2009-03,220
24XX,2009-04,197
24XX,2009-05,266
24XX,2009-06,337
24XX,2009-07,321
24XX,2009-08,334
24XX,2009-09,424
24XX,2009-10,415
24XX,2009-11,501
24XX,2009-12,655
24XX,2010-01,498
24XX,2010-02,707
24XX,2010-03,1141
24XX,2010-04,1502
24XX,2010-05,1909
24XX,2010-06,2634
24XX,2010-07,3019
24XX,2010-08,3417
24XX,2010-09,3259
24XX,2010-10,3571
24XX,2010-11,4369
24XX,2010-12,2931
24XX,2011-01,4644
24XX,2011-02,5120
24XX,2011-03,5349
24XX,2011-04,3655
24XX,2011-05,4714
24XX,2011-06,5927
24XX,2011-07,843
24XX,2011-08,761
24XX,2011-09,646
24XX,2011-10,503
24XX,2011-11,785
24XX,2011-12,728
24XX,2012-01,525
24XX,2012-02,823
24XX,2012-03,1103
24XX,2012-04,1160
24XX,2012-05,2307
24XX,2012-06,4995
24XX,2012-07,1581
24XX,2012-08,1514
24XX,2012-09,1783
24XX,2012-10,1822
24XX,2012-11,2429
24XX,2012-12,3373
24XX,2013-01,1568
24XX,2013-02,1909
24XX,2013-03,1797
24XX,2013-04,1578
24XX,2013-05,1638
24XX,2013-06,1259
24XX,2013-07,1885
24XX,2013-08,2533
24XX,2013-09,2153
24XX,2013-10,2253
24XX,2013-11,2084
24XX,2013-12,2101
24XX,2014-01,1612
24XX,2014-02,1814
24XX,2014-03,2184
24XX,2014-04,1945
24XX,2014-05,2455
24XX,2014-06,2391
24XX,2014-07,2236
24XX,2014-08,2302
24XX,2014-09,2562
24XX,2014-10,2860
24XX,2014-11,2403
24XX,2014-12,2394
24XX,2015-01,2088
24XX,2015-02,2162
24XX,2015-03,2257
24XX,2015-04,1834
24XX,2015-05,2240
24XX,2015-06,2169
24XX,2015-07,2393
24XX,2015-08,2017
24XX,2015-09,1973
24XX,2015-10,2171
24XX,2015-11,1913
24XX,2015-12,1513
24XX,2016-01,1440
24XX,2016-02,1799
24XX,2016-03,1956
24XX,2016-04,1967
24XX,2016-05,1566
24XX,2016-06,1873
24XX,2016-07,1919
24XX,2016-08,2171
24XX,2016-09,2404
24XX,2016-10,1804
24XX,2016-11,2611
24XX,2016-12,3613
24XX,2017-01,1654
24XX,2017-02,2604
24XX,2017-03,3463
24XX,2017-04,2556
24XX,2017-05,4025
24XX,2017-06,3369
24XX,2017-07,4418
24XX,2017-08,4281
24XX,2017-09,3833
24XX,2017-10,4885
24XX,2017-11,6051
24XX,2017-12,6155
24XX,2018-01,4077
24XX,2018-02,4252
24XX,2018-03,5014
24XX,2018-04,5035
24XX,2018-05,6450
24XX,2018-06,5501
24XX,2018-07,5435
24XX,2018-08,7030
24XX,2018-09,6231
24XX,2018-10,6338
24XX,2018-11,7433
24XX,2018-12,7304
24XX,2019-01,4209
24XX,2019-02,5578
24XX,2019-03,6952
24XX,2019-04,6263
24XX,2019-05,8150
24XX,2019-06,7743
24XX,2019-07,9108
24XX,2019-08,7733
24XX,2019-09,8239
24XX,2019-10,9739
24XX,2019-11,9675
24XX,2019-12,10915
24XX,2020-01,6826
24XX,2020-02,7966
24XX,2020-03,10070
24XX,2020-04,9177
24XX,2020-05,9452
24XX,2020-06,10306
24XX,2020-07,11112
24XX,2020-08,9401
24XX,2020-09,11656
24XX,2020-10,11085
24XX,2020-11,11746
24XX,2020-12,11201
24XX,2021-01,6744
24XX,2021-02,9314
24XX,2021-03,10111
24XX,2021-04,9672
24XX,2021-05,9558
24XX,2021-06,10976
24XX,2021-07,9862
24XX,2021-08,8378
24XX,2021-09,9097
24XX,2021-10,8545
24XX,2021-11,9384
24XX,2021-12,9834
24XX,2022-01,4149
24XX,2022-02,6423
24XX,2022-03,5513
24XX,2022-04,6179
24XX,2022-05,6093
24XX,2022-06,8114
24XX,2022-07,7782
24XX,2022-08,9504
24XX,2022-09,8815
24XX,2022-10,7603
24XX,2022-11,9870
24XX,2022-12,6375
26XX,2007-01,4
26XX,2007-02,0
26XX,2007-03,4
26XX,2007-04,0
26XX,2007-05,6
26XX,2007-06,9
26XX,2007-07,16
26XX,2007-08,18
26XX,2007-09,28
26XX,2007-10,37
26XX,2007-11,24
26XX,2007-12,29
26XX,2008-01,47
26XX,2008-02,46
26XX,2008-03,38
26XX,2008-04,36
26XX,2008-05,40
26XX,2008-06,29
26XX,2008-07,59
26XX,2008-08,96
26XX,2008-09,64
26XX,2008-10,59
26XX,2008-11,68
26XX,2008-12,71
26XX,2009-01,46
26XX,2009-02,50
26XX,2009-03,57
26XX,2009-04,107
26XX,2009-05,107
26XX,2009-06,118
26XX,2009-07,79
26XX,2009-08,136
26XX,2009-09,196
26XX,2009-10,294
26XX,2009-11,181
26XX,2009-12,226
26XX,2010-01,191
26XX,2010-02,440
26XX,2010-03,585
26XX,2010-04,628
26XX,2010-05,784
26XX,2010-06,1217
26XX,2010-07,1013
26XX,2010-08,1034
26XX,2010-09,1063
26XX,2010-10,1169
26XX,2010-11,1316
26XX,2010-12,1286
26XX,2011-01,2530
26XX,2011-02,2635
26XX,2011-03,3132
26XX,2011-04,2817
26XX,2011-05,4091
26XX,2011-06,5393
26XX,2011-07,1255
26XX,2011-08,939
26XX,2011-09,556
26XX,2011-10,577
26XX,2011-11,525
26XX,2011-12,396
26XX,2012-01,340
26XX,2012-02,460
26XX,2012-03,562
26XX,2012-04,651
26XX,2012-05,1250
26XX,2012-06,2741
26XX,2012-07,667
26XX,2012-08,803
26XX,2012-09,771
26XX,2012-10,834
26XX,2012-11,1289
26XX,2012-12,1789
26XX,2013-01,839
26XX,2013-02,1241
26XX,2013-03,1191
26XX,2013-04,1184
26XX,2013-05,1340
26XX,2013-06,1263
26XX,2013-07,1897
26XX,2013-08,2185
26XX,2013-09,2195
26XX,2013-10,1637
26XX,2013-11,1260
26XX,2013-12,1133
26XX,2014-01,1055
26XX,2014-02,926
26XX,2014-03,1249
26XX,2014-04,812
26XX,2014-05,1347
26XX,2014-06,1165
26XX,2014-07,1206
26XX,2014-08,1560
26XX,2014-09,1863
26XX,2014-10,2183
26XX,2014-11,1661
26XX,2014-12,1312
26XX,2015-01,1619
26XX,2015-02,1641
26XX,2015-03,1759
26XX,2015-04,1227
26XX,2015-05,1435
26XX,2015-06,1712
26XX,2015-07,1907
26XX,2015-08,1556
26XX,2015-09,1495
26XX,2015-10,1483
26XX,2015-11,1303
26XX,2015-12,1380
26XX,2016-01,850
26XX,2016-02,1583
26XX,2016-03,1081
26XX,2016-04,1658
26XX,2016-05,1102
26XX,2016-06,1414
26XX,2016-07,1103
26XX,2016-08,1277
26XX,2016-09,1145
26XX,2016-10,1080
26XX,2016-11,1514
26XX,2016-12,2314
26XX,2017-01,799
26XX,2017-02,1387
26XX,2017-03,1759
26XX,2017-04,1253
26XX,2017-05,1881
26XX,2017-06,1663
26XX,2017-07,1728
26XX,2017-08,1908
26XX,2017-09,2157
26XX,2017-10,2472
26XX,2017-11,2793
26XX,2017-12,3078
26XX,2018-01,2284
26XX,2018-02,2611
26XX,2018-03,3218
26XX,2018-04,2601
26XX,2018-05,3635
26XX,2018-06,3544
26XX,2018-07,3755
26XX,2018-08,2617
26XX,2018-09,3282
26XX,2018-10,3182
26XX,2018-11,3980
26XX,2018-12,3923
26XX,2019-01,2096
26XX,2019-02,3415
26XX,2019-03,3122
26XX,2019-04,2963
26XX,2019-05,3757
26XX,2019-06,4218
26XX,2019-07,3962
26XX,2019-08,3641
26XX,2019-09,4860
26XX,2019-10,5205
26XX,2019-11,6066
26XX,2019-12,6839
26XX,2020-01,3310
26XX,2020-02,5065
26XX,2020-03,4684
26XX,2020-04,4706
26XX,2020-05,5882
26XX,2020-06,5907
26XX,2020-07,5990
26XX,2020-08,5085
26XX,2020-09,6410
26XX,2020-10,7232
26XX,2020-11,7955
26XX,2020-12,9322
26XX,2021-01,4125
26XX,2021-02,7727
26XX,2021-03,8437
26XX,2021-04,6839
26XX,2021-05,7068
26XX,2021-06,6745
26XX,2021-07,6170
26XX,2021-08,5303
26XX,2021-09,6843
26XX,2021-10,7320
26XX,2021-11,8149
26XX,2021-12,10217
26XX,2022-01,3858
26XX,2022-02,6647
26XX,2022-03,7819
26XX,2022-04,5606
26XX,2022-05,6976
26XX,2022-06,6969
26XX,2022-07,7084
26XX,2022-08,7790
26XX,2022-09,7593
26XX,2022-10,6918
26XX,2022-11,8205
26XX,2022-12,5339
25XX,2007-01,5
25XX,2007-02,10
25XX,2007-03,6
25XX,2007-04,4
25XX,2007-05,2
25XX,2007-06,7
25XX,2007-07,14
25XX,2007-08,14
25XX,2007-09,39
25XX,2007-10,38
25XX,2007-11,26
25XX,2007-12,18
25XX,2008-01,23
25XX,2008-02,33
25XX,2008-03,39
25XX,2008-04,29
25XX,2008-05,38
25XX,2008-06,20
25XX,2008-07,59
25XX,2008-08,35
25XX,2008-09,61
25XX,2008-10,44
25XX,2008-11,52
25XX,2008-12,54
25XX,2009-01,49
25XX,2009-02,67
25XX,2009-03,88
25XX,2009-04,137
25XX,2009-05,82
25XX,2009-06,88
25XX,2009-07,108
25XX,2009-08,225
25XX,2009-09,240
25XX,2009-10,376
25XX,2009-11,350
25XX,2009-12,341
25XX,2010-01,337
25XX,2010-02,494
25XX,2010-03,933
25XX,2010-04,948
25XX,2010-05,1195
25XX,2010-06,1825
25XX,2010-07,1975
25XX,2010-08,2107
25XX,2010-09,2357
25XX,2010-10,2623
25XX,2010-11,2777
25XX,2010-12,2443
25XX,2011-01,3682
25XX,2011-02,3714
25XX,2011-03,3679
25XX,2011-04,3043
25XX,2011-05,3500
25XX,2011-06,4211
25XX,2011-07,592
25XX,2011-08,707
25XX,2011-09,490
25XX,2011-10,674
25XX,2011-11,966
25XX,2011-12,906
25XX,2012-01,692
25XX,2012-02,975
25XX,2012-03,1455
25XX,2012-04,1479
25XX,2012-05,2755
25XX,2012-06,4821
25XX,2012-07,1217
25XX,2012-08,1364
25XX,2012-09,1432
25XX,2012-10,1503
25XX,2012-11,1750
25XX,2012-12,2854
25XX,2013-01,1454
25XX,2013-02,1311
25XX,2013-03,1509
25XX,2013-04,1267
25XX,2013-05,1784
25XX,2013-06,1366
25XX,2013-07,1628
25XX,2013-08,1475
25XX,2013-09,1566
25XX,2013-10,1778
25XX,2013-11,1544
25XX,2013-12,1625
25XX,2014-01,1066
25XX,2014-02,1457
25XX,2014-03,1594
25XX,2014-04,1612
25XX,2014-05,1834
25XX,2014-06,1803
25XX,2014-07,2384
25XX,2014-08,1925
25XX,2014-09,2133
25XX,2014-10,2171
25XX,2014-11,2138
25XX,2014-12,2489
25XX,2015-01,1599
25XX,2015-02,2171
25XX,2015-03,1947
25XX,2015-04,1497
25XX,2015-05,2155
25XX,2015-06,2005
25XX,2015-07,1878
25XX,2015-08,2082
25XX,2015-09,2065
25XX,2015-10,1773
25XX,2015-11,1685
25XX,2015-12,1906
25XX,2016-01,965
25XX,2016-02,1476
25XX,2016-03,1581
25XX,2016-04,1327
25XX,2016-05,1917
25XX,2016-06,1588
25XX,2016-07,1639
25XX,2016-08,1633
25XX,2016-09,1791
25XX,2016-10,1770
25XX,2016-11,1866
25XX,2016-12,2394
25XX,2017-01,1235
25XX,2017-02,2040
25XX,2017-03,2626
25XX,2017-04,1871
25XX,2017-05,3000
25XX,2017-06,3041
25XX,2017-07,2646
25XX,2017-08,2753
25XX,2017-09,3251
25XX,2017-10,3917
25XX,2017-11,4436
25XX,2017-12,4650
25XX,2018-01,2954
25XX,2018-02,3438
25XX,2018-03,4512
25XX,2018-04,3986
25XX,2018-05,5345
25XX,2018-06,3897
25XX,2018-07,5895
25XX,2018-08,6276
25XX,2018-09,5392
25XX,2018-10,5807
25XX,2018-11,7023
25XX,2018-12,8677
25XX,2019-01,5205
25XX,2019-02,7154
25XX,2019-03,7264
25XX,2019-04,6901
25XX,2019-05,7822
25XX,2019-06,6849
25XX,2019-07,8639
25XX,2019-08,7637
25XX,2019-09,8760
25XX,2019-10,9873
25XX,2019-11,10576
25XX,2019-12,11068
25XX,2020-01,6977
25XX,2020-02,8835
25XX,2020-03,10281
25XX,2020-04,9756
25XX,2020-05,10281
25XX,2020-06,12092
25XX,2020-07,12451
25XX,2020-08,13122
25XX,2020-09,14288
25XX,2020-10,12278
25XX,2020-11,14603
25XX,2020-12,15974
25XX,2021-01,10208
25XX,2021-02,13732
25XX,2021-03,15344
25XX,2021-04,14362
25XX,2021-05,12120
25XX,2021-06,12936
25XX,2021-07,10812
25XX,2021-08,10512
25XX,2021-09,13723
25XX,2021-10,12323
25XX,2021-11,12946
25XX,2021-12,16201
25XX,2022-01,6595
25XX,2022-02,9395
25XX,2022-03,9311
25XX,2022-04,8779
25XX,2022-05,9680
25XX,2022-06,12528
25XX,2022-07,10356
25XX,2022-08,12610
25XX,2022-09,10569
25XX,2022-10,10826
25XX,2022-11,13800
25XX,2022-12,9067
28XX,2007-01,0
28XX,2007-02,7
28XX,2007-03,9
28XX,2007-04,18
28XX,2007-05,10
28XX,2007-06,4
28XX,2007-07,7
28XX,2007-08,10
28XX,2007-09,3
28XX,2007-10,8
28XX,2007-11,12
28XX,2007-12,14
28XX,2008-01,12
28XX,2008-02,9
28XX,2008-03,16
28XX,2008-04,12
28XX,2008-05,12
28XX,2008-06,5
28XX,2008-07,9
28XX,2008-08,20
28XX,2008-09,10
28XX,2008-10,16
28XX,2008-11,17
28XX,2008-12,45
28XX,2009-01,57
28XX,2009-02,38
28XX,2009-03,51
28XX,2009-04,74
28XX,2009-05,128
28XX,2009-06,25
28XX,2009-07,95
28XX,2009-08,83
28XX,2009-09,82
28XX,2009-10,93
28XX,2009-11,117
28XX,2009-12,222
28XX,2010-01,59
28XX,2010-02,60
28XX,2010-03,175
28XX,2010-04,119
28XX,2010-05,168
28XX,2010-06,309
28XX,2010-07,438
28XX,2010-08,440
28XX,2010-09,920
28XX,2010-10,1454
28XX,2010-11,1348
28XX,2010-12,778
28XX,2011-01,1507
28XX,2011-02,2083
28XX,2011-03,2718
28XX,2011-04,2523
28XX,2011-05,2701
28XX,2011-06,2129
28XX,2011-07,575
28XX,2011-08,252
28XX,2011-09,360
28XX,2011-10,568
28XX,2011-11,285
28XX,2011-12,307
28XX,2012-01,358
28XX,2012-02,577
28XX,2012-03,228
28XX,2012-04,377
28XX,2012-05,885
28XX,2012-06,1371
28XX,2012-07,381
28XX,2012-08,395
28XX,2012-09,497
28XX,2012-10,800
28XX,2012-11,772
28XX,2012-12,1146
28XX,2013-01,724
28XX,2013-02,920
28XX,2013-03,1183
28XX,2013-04,1100
28XX,2013-05,1433
28XX,2013-06,1130
28XX,2013-07,1102
28XX,2013-08,1263
28XX,2013-09,949
28XX,2013-10,1102
28XX,2013-11,1218
28XX,2013-12,908
28XX,2014-01,889
28XX,2014-02,715
28XX,2014-03,893
28XX,2014-04,982
28XX,2014-05,970
28XX,2014-06,853
28XX,2014-07,771
28XX,2014-08,1179
28XX,2014-09,817
28XX,2014-10,809
28XX,2014-11,1130
28XX,2014-12,845
28XX,2015-01,422
28XX,2015-02,1027
28XX,2015-03,1028
28XX,2015-04,1216
28XX,2015-05,1374
28XX,2015-06,832
28XX,2015-07,1581
28XX,2015-08,1265
28XX,2015-09,1432
28XX,2015-10,1187
28XX,2015-11,1252
28XX,2015-12,917
28XX,2016-01,872
28XX,2016-02,1133
28XX,2016-03,740
28XX,2016-04,866
28XX,2016-05,925
28XX,2016-06,926
28XX,2016-07,1054
28XX,2016-08,929
28XX,2016-09,1367
28XX,2016-10,1147
28XX,2016-11,858
28XX,2016-12,1549
28XX,2017-01,676
28XX,2017-02,1216
28XX,2017-03,1349
28XX,2017-04,1037
28XX,2017-05,1155
28XX,2017-06,1374
28XX,2017-07,1404
28XX,2017-08,980
28XX,2017-09,1301
28XX,2017-10,1657
28XX,2017-11,2176
28XX,2017-12,2043
28XX,2018-01,1171
28XX,2018-02,1727
28XX,2018-03,2339
28XX,2018-04,2094
28XX,2018-05,1934
28XX,2018-06,2161
28XX,2018-07,1814
28XX,2018-08,2363
28XX,2018-09,2283
28XX,2018-10,2230
28XX,2018-11,2649
28XX,2018-12,2682
28XX,2019-01,1307
28XX,2019-02,2216
28XX,2019-03,2620
28XX,2019-04,2370
28XX,2019-05,3258
28XX,2019-06,2630
28XX,2019-07,3213
28XX,2019-08,3320
28XX,2019-09,3211
28XX,2019-10,2946
28XX,2019-11,4197
28XX,2019-12,3605
28XX,2020-01,2252
28XX,2020-02,2964
28XX,2020-03,4020
28XX,2020-04,2656
28XX,2020-05,3001
28XX,2020-06,3244
28XX,2020-07,3400
28XX,2020-08,2938
28XX,2020-09,3437
28XX,2020-10,3020
28XX,2020-11,4443
28XX,2020-12,4476
28XX,2021-01,2039
28XX,2021-02,3214
28XX,2021-03,3534
28XX,2021-04,3235
28XX,2021-05,3731
28XX,2021-06,4437
28XX,2021-07,3759
28XX,2021-08,2341
28XX,2021-09,3170
28XX,2021-10,2926
28XX,2021-11,3112
28XX,2021-12,4863
28XX,2022-01,2212
28XX,2022-02,4612
28XX,2022-03,3591
28XX,2022-04,3001
28XX,2022-05,2456
28XX,2022-06,2710
28XX,2022-07,2649
28XX,2022-08,2832
28XX,2022-09,3146
28XX,2022-10,2015
28XX,2022-11,2958
28XX,2022-12,2062
27XX,2007-01,0
27XX,2007-02,1
27XX,2007-03,2
27XX,2007-04,6
27XX,2007-05,2
27XX,2007-06,4
27XX,2007-07,4
27XX,2007-08,11
27XX,2007-09,11
27XX,2007-10,22
27XX,2007-11,15
27XX,2007-12,15
27XX,2008-01,20
27XX,2008-02,29
27XX,2008-03,20
27XX,2008-04,30
27XX,2008-05,43
27XX,2008-06,27
27XX,2008-07,31
27XX,2008-08,36
27XX,2008-09,53
27XX,2008-10,62
27XX,2008-11,41
27XX,2008-12,64
27XX,2009-01,62
27XX,2009-02,100
27XX,2009-03,248
27XX,2009-04,138
27XX,2009-05,134
27XX,2009-06,104
27XX,2009-07,141
27XX,2009-08,164
27XX,2009-09,217
27XX,2009-10,243
27XX,2009-11,278
27XX,2009-12,292
27XX,2010-01,294
27XX,2010-02,432
27XX,2010-03,634
27XX,2010-04,832
27XX,2010-05,953
27XX,2010-06,1482
27XX,2010-07,1604
27XX,2010-08,1813
27XX,2010-09,2214
27XX,2010-10,2191
27XX,2010-11,2608
27XX,2010-12,1442
27XX,2011-01,2626
27XX,2011-02,2324
27XX,2011-03,2786
27XX,2011-04,2370
27XX,2011-05,2638
27XX,2011-06,3022
27XX,2011-07,474
27XX,2011-08,539
27XX,2011-09,537
27XX,2011-10,641
27XX,2011-11,1511
27XX,2011-12,674
27XX,2012-01,504
27XX,2012-02,796
27XX,2012-03,1216
27XX,2012-04,1337
27XX,2012-05,2578
27XX,2012-06,3784
27XX,2012-07,945
27XX,2012-08,1421
27XX,2012-09,1158
27XX,2012-10,1626
27XX,2012-11,1402
27XX,2012-12,2427
27XX,2013-01,1298
27XX,2013-02,1358
27XX,2013-03,1463
27XX,2013-04,1315
27XX,2013-05,1618
27XX,2013-06,1348
27XX,2013-07,1656
27XX,2013-08,1378
27XX,2013-09,1415
27XX,2013-10,1750
27XX,2013-11,1408
27XX,2013-12,1628
27XX,2014-01,1194
27XX,2014-02,1392
27XX,2014-03,1480
27XX,2014-04,1524
27XX,2014-05,1690
27XX,2014-06,1961
27XX,2014-07,1985
27XX,2014-08,2019
27XX,2014-09,2172
27XX,2014-10,2077
27XX,2014-11,2346
27XX,2014-12,1911
27XX,2015-01,1717
27XX,2015-02,2310
27XX,2015-03,2092
27XX,2015-04,1335
27XX,2015-05,2019
27XX,2015-06,2207
27XX,2015-07,2001
27XX,2015-08,1994
27XX,2015-09,1875
27XX,2015-10,2175
27XX,2015-11,1876
27XX,2015-12,1989
27XX,2016-01,1196
27XX,2016-02,1612
27XX,2016-03,1739
27XX,2016-04,1905
27XX,2016-05,1861
27XX,2016-06,1633
27XX,2016-07,1462
27XX,2016-08,2184
27XX,2016-09,1996
27XX,2016-10,1951
27XX,2016-11,2390
27XX,2016-12,2658
27XX,2017-01,1163
27XX,2017-02,1836
27XX,2017-03,2145
27XX,2017-04,1637
27XX,2017-05,2343
27XX,2017-06,2341
27XX,2017-07,2536
27XX,2017-08,2697
27XX,2017-09,2525
27XX,2017-10,2921
27XX,2017-11,3532
27XX,2017-12,4488
27XX,2018-01,2508
27XX,2018-02,3691
27XX,2018-03,3617
27XX,2018-04,3515
27XX,2018-05,4483
27XX,2018-06,4183
27XX,2018-07,4826
27XX,2018-08,4869
27XX,2018-09,4408
27XX,2018-10,4529
27XX,2018-11,5427
27XX,2018-12,6002
27XX,2019-01,3565
27XX,2019-02,4820
27XX,2019-03,5489
27XX,2019-04,4209
27XX,2019-05,5870
27XX,2019-06,6425
27XX,2019-07,6815
27XX,2019-08,6978
27XX,2019-09,6545
27XX,2019-10,7594
27XX,2019-11,9519
27XX,2019-12,10792
27XX,2020-01,5921
27XX,2020-02,7099
27XX,2020-03,9390
27XX,2020-04,7040
27XX,2020-05,9964
27XX,2020-06,10345
27XX,2020-07,11854
27XX,2020-08,11297
27XX,2020-09,12819
27XX,2020-10,12270
27XX,2020-11,13727
27XX,2020-12,15228
27XX,2021-01,9997
27XX,2021-02,13227
27XX,2021-03,13736
27XX,2021-04,12987
27XX,2021-05,11097
27XX,2021-06,11737
27XX,2021-07,8573
27XX,2021-08,6544
27XX,2021-09,12263
27XX,2021-10,12025
27XX,2021-11,11427
27XX,2021-12,13081
27XX,2022-01,5893
27XX,2022-02,9259
27XX,2022-03,8637
27XX,2022-04,7016
27XX,2022-05,8964
27XX,2022-06,10782
27XX,2022-07,9214
27XX,2022-08,11024
27XX,2022-09,9902
27XX,2022-10,8825
27XX,2022-11,10710
27XX,2022-12,7354
2XXX,2007-01,26
2XXX,2007-02,43
2XXX,2007-03,44
2XXX,2007-04,45
2XXX,2007-05,54
2XXX,2007-06,63
2XXX,2007-07,124
2XXX,2007-08,142
2XXX,2007-09,189
2XXX,2007-10,201
2XXX,2007-11,190
2XXX,2007-12,241
2XXX,2008-01,288
2XXX,2008-02,262
2XXX,2008-03,291
2XXX,2008-04,303
2XXX,2008-05,337
2XXX,2008-06,281
2XXX,2008-07,377
2XXX,2008-08,383
2XXX,2008-09,446
2XXX,2008-10,503
2XXX,2008-11,482
2XXX,2008-12,717
2XXX,2009-01,616
2XXX,2009-02,862
2XXX,2009-03,1101
2XXX,2009-04,1206
2XXX,2009-05,1213
2XXX,2009-06,1242
2XXX,2009-07,1418
2XXX,2009-08,1882
2XXX,2009-09,2327
2XXX,2009-10,2573
2XXX,2009-11,3020
2XXX,2009-12,2942
2XXX,2010-01,2778
2XXX,2010-02,4153
2XXX,2010-03,6436
2XXX,2010-04,7445
2XXX,2010-05,9784
2XXX,2010-06,14056
2XXX,2010-07,15174
2XXX,2010-08,17046
2XXX,2010-09,19006
2XXX,2010-10,21418
2XXX,2010-11,24508
2XXX,2010-12,16829
2XXX,2011-01,28158
2XXX,2011-02,27225
2XXX,2011-03,30260
2XXX,2011-04,25362
2XXX,2011-05,31523
2XXX,2011-06,37409
2XXX,2011-07,6032
2XXX,2011-08,5163
2XXX,2011-09,4512
2XXX,2011-10,5135
2XXX,2011-11,6314
2XXX,2011-12,5355
2XXX,2012-01,4362
2XXX,2012-02,6123
2XXX,2012-03,8105
2XXX,2012-04,8696
2XXX,2012-05,17894
2XXX,2012-06,31529
2XXX,2012-07,8462
2XXX,2012-08,9432
2XXX,2012-09,9446
2XXX,2012-10,10978
2XXX,2012-11,13233
2XXX,2012-12,21357
2XXX,2013-01,9993
2XXX,2013-02,11651
2XXX,2013-03,11428
2XXX,2013-04,10174
2XXX,2013-05,12375
2XXX,2013-06,10092
2XXX,2013-07,12688
2XXX,2013-08,13349
2XXX,2013-09,13209
2XXX,2013-10,13393
2XXX,2013-11,12015
2XXX,2013-12,11825
2XXX,2014-01,9237
2XXX,2014-02,10507
2XXX,2014-03,11803
2XXX,2014-04,11351
2XXX,2014-05,15019
2XXX,2014-06,13840
2XXX,2014-07,15135
2XXX,2014-08,14814
2XXX,2014-09,17972
2XXX,2014-10,18627
2XXX,2014-11,17385
2XXX,2014-12,16303
2XXX,2015-01,13776
2XXX,2015-02,17332
2XXX,2015-03,16708
2XXX,2015-04,12571
2XXX,2015-05,15597
2XXX,2015-06,15469
2XXX,2015-07,16075
2XXX,2015-08,15249
2XXX,2015-09,14603
2XXX,2015-10,15053
2XXX,2015-11,13967
2XXX,2015-12,13752
2XXX,2016-01,9368
2XXX,2016-02,13245
2XXX,2016-03,12912
2XXX,2016-04,13553
2XXX,2016-05,14297
2XXX,2016-06,12948
2XXX,2016-07,13100
2XXX,2016-08,14618
2XXX,2016-09,14721
2XXX,2016-10,14517
2XXX,2016-11,17144
2XXX,2016-12,22004
2XXX,2017-01,11646
2XXX,2017-02,16838
2XXX,2017-03,19596
2XXX,2017-04,15947
2XXX,2017-05,22081
2XXX,2017-06,21898
2XXX,2017-07,24045
2XXX,2017-08,24158
2XXX,2017-09,23274
2XXX,2017-10,27681
2XXX,2017-11,32401
2XXX,2017-12,35333
2XXX,2018-01,22634
2XXX,2018-02,29089
2XXX,2018-03,33265
2XXX,2018-04,32051
2XXX,2018-05,39347
2XXX,2018-06,33368
2XXX,2018-07,39237
2XXX,2018-08,41318
2XXX,2018-09,37322
2XXX,2018-10,40128
2XXX,2018-11,47356
2XXX,2018-12,51985
2XXX,2019-01,31080
2XXX,2019-02,42744
2XXX,2019-03,44046
2XXX,2019-04,40006
2XXX,2019-05,50047
2XXX,2019-06,46533
2XXX,2019-07,54260
2XXX,2019-08,50540
2XXX,2019-09,54261
2XXX,2019-10,62260
2XXX,2019-11,69788
2XXX,2019-12,77793
2XXX,2020-01,47116
2XXX,2020-02,60105
2XXX,2020-03,70460
2XXX,2020-04,62292
2XXX,2020-05,69438
2XXX,2020-06,77655
2XXX,2020-07,83010
2XXX,2020-08,80297
2XXX,2020-09,90293
2XXX,2020-10,87112
2XXX,2020-11,102404
2XXX,2020-12,111242
2XXX,2021-01,67052
2XXX,2021-02,93096
2XXX,2021-03,98148
2XXX,2021-04,92237
2XXX,2021-05,82381
2XXX,2021-06,86527
2XXX,2021-07,68084
2XXX,2021-08,58385
2XXX,2021-09,84198
2XXX,2021-10,83349
2XXX,2021-11,87492
2XXX,2021-12,104850
2XXX,2022-01,45004
2XXX,2022-02,65126
2XXX,2022-03,64315
2XXX,2022-04,56542
2XXX,2022-05,66688
2XXX,2022-06,79882
2XXX,2022-07,70841
2XXX,2022-08,89850
2XXX,2022-09,77846
2XXX,2022-10,72124
2XXX,2022-11,94640
2XXX,2022-12,63394
29XX,2007-01,0
29XX,2007-02,0
29XX,2007-03,0
29XX,2007-04,1
29XX,2007-05,1
29XX,2007-06,0
29XX,2007-07,1
29XX,2007-08,0
29XX,2007-09,0
29XX,2007-10,2
29XX,2007-11,3
29XX,2007-12,8
29XX,2008-01,4
29XX,2008-02,5
29XX,2008-03,11
29XX,2008-04,4
29XX,2008-05,3
29XX,2008-06,7
29XX,2008-07,5
29XX,2008-08,13
29XX,2008-09,17
29XX,2008-10,20
29XX,2008-11,5
29XX,2008-12,9
29XX,2009-01,10
29XX,2009-02,16
29XX,2009-03,11
29XX,2009-04,14
29XX,2009-05,19
29XX,2009-06,14
29XX,2009-07,12
29XX,2009-08,51
29XX,2009-09,54
29XX,2009-10,64
29XX,2009-11,64
29XX,2009-12,50
29XX,2010-01,52
29XX,2010-02,79
29XX,2010-03,95
29XX,2010-04,174
29XX,2010-05,189
29XX,2010-06,210
29XX,2010-07,108
29XX,2010-08,144
29XX,2010-09,142
29XX,2010-10,161
29XX,2010-11,211
29XX,2010-12,231
29XX,2011-01,279
29XX,2011-02,431
29XX,2011-03,584
29XX,2011-04,669
29XX,2011-05,1345
29XX,2011-06,2294
29XX,2011-07,485
29XX,2011-08,324
29XX,2011-09,203
29XX,2011-10,176
29XX,2011-11,78
29XX,2011-12,80
29XX,2012-01,43
29XX,2012-02,93
29XX,2012-03,109
29XX,2012-04,109
29XX,2012-05,217
29XX,2012-06,298
29XX,2012-07,131
29XX,2012-08,152
29XX,2012-09,136
29XX,2012-10,184
29XX,2012-11,234
29XX,2012-12,409
29XX,2013-01,182
29XX,2013-02,214
29XX,2013-03,222
29XX,2013-04,238
29XX,2013-05,312
29XX,2013-06,239
29XX,2013-07,572
29XX,2013-08,1043
29XX,2013-09,977
29XX,2013-10,243
29XX,2013-11,116
29XX,2013-12,128
29XX,2014-01,93
29XX,2014-02,120
29XX,2014-03,98
29XX,2014-04,130
29XX,2014-05,152
29XX,2014-06,162
29XX,2014-07,170
29XX,2014-08,218
29XX,2014-09,241
29XX,2014-10,223
29XX,2014-11,230
29XX,2014-12,184
29XX,2015-01,340
29XX,2015-02,215
29XX,2015-03,240
29XX,2015-04,114
29XX,2015-05,194
29XX,2015-06,124
29XX,2015-07,175
29XX,2015-08,199
29XX,2015-09,172
29XX,2015-10,132
29XX,2015-11,123
29XX,2015-12,147
29XX,2016-01,111
29XX,2016-02,133
29XX,2016-03,258
29XX,2016-04,177
29XX,2016-05,168
29XX,2016-06,252
29XX,2016-07,251
29XX,2016-08,374
29XX,2016-09,173
29XX,2016-10,261
29XX,2016-11,231
29XX,2016-12,230
29XX,2017-01,281
29XX,2017-02,209
29XX,2017-03,230
29XX,2017-04,197
29XX,2017-05,385
29XX,2017-06,287
29XX,2017-07,285
29XX,2017-08,562
29XX,2017-09,416
29XX,2017-10,577
29XX,2017-11,642
29XX,2017-12,450
29XX,2018-01,520
29XX,2018-02,547
29XX,2018-03,593
29XX,2018-04,473
29XX,2018-05,691
29XX,2018-06,639
29XX,2018-07,817
29XX,2018-08,764
29XX,2018-09,925
29XX,2018-10,889
29XX,2018-11,965
29XX,2018-12,717
29XX,2019-01,801
29XX,2019-02,843
29XX,2019-03,866
29XX,2019-04,813
29XX,2019-05,700
29XX,2019-06,764
29XX,2019-07,1160
29XX,2019-08,1119
29XX,2019-09,1047
29XX,2019-10,1229
29XX,2019-11,1333
29XX,2019-12,1664
29XX,2020-01,1000
29XX,2020-02,1250
29XX,2020-03,1223
29XX,2020-04,1024
29XX,2020-05,1148
29XX,2020-06,1389
29XX,2020-07,2246
29XX,2020-08,1968
29XX,2020-09,2142
29XX,2020-10,1988
29XX,2020-11,2318
29XX,2020-12,2915
29XX,2021-01,1505
29XX,2021-02,1915
29XX,2021-03,1817
29XX,2021-04,1719
29XX,2021-05,1828
29XX,2021-06,1573
29XX,2021-07,2214
29XX,2021-08,1258
29XX,2021-09,2161
29XX,2021-10,2281
29XX,2021-11,3088
29XX,2021-12,3271
29XX,2022-01,2106
29XX,2022-02,2649
29XX,2022-03,2777
29XX,2022-04,2157
29XX,2022-05,2831
29XX,2022-06,3078
29XX,2022-07,3071
29XX,2022-08,3490
29XX,2022-09,3166
29XX,2022-10,2999
29XX,2022-11,4035
29XX,2022-12,2782
